username,first_name,last_name,gender,dob,email,contactnumber,address,postalcode,password
1David,David,Antic,M,1983-03-30,David_Antic@gmail.com,80000148,21 JALAN MOLEK SINGAPORE 399539,399539,1David
2John,John,Millington,M,1960-06-30,John_Millington@gmail.com,80001051,3A SIGLAP TERRACE FRANKEL ESTATE SINGAPORE 455829,455829,2John
3Paul,Paul,Leggett,M,2005-05-14,Paul_Leggett@gmail.com,80002997,12 FIRST AVENUE SINGAPORE 268748,268748,3Paul
4Mark,Mark,Harries,M,1942-08-17,Mark_Harries@gmail.com,80003432,14 COTSWOLD CLOSE BRADDELL HEIGHTS ESTATE SINGAPORE 359612,359612,4Mark
5James,James,Drury,M,1962-05-12,James_Drury@gmail.com,80004339,33 TEMBELING ROAD SINGAPORE 423576,423576,5James
6Andrew,Andrew,Mistry,M,2003-10-15,Andrew_Mistry@gmail.com,80005433,27 JALAN JINTAN KIM SIA COURT SINGAPORE 229017,229017,6Andrew
7Scott,Scott,Wardle,M,1958-04-13,Scott_Wardle@gmail.com,80006804,69 TANAH MERAH KECHIL AVENUE D' MANOR SINGAPORE 465662,465662,7Scott
8Steven,Steven,Lennon,M,1943-01-26,Steven_Lennon@gmail.com,80007603,374 ORCHARD ROAD ROYAL THAI EMBASSY SINGAPORE 238900,238900,8Steven
9Robert,Robert,Farrington,M,1997-12-23,Robert_Farrington@gmail.com,80008457,20 JALAN CHEMPEDAK SEMBAWANG HILLS ESTATE SINGAPORE 578402,578402,9Robert
10Stephen,Stephen,Leys,M,1968-10-15,Stephen_Leys@gmail.com,80009209,16D CHATSWORTH ROAD SINGAPORE 249778,249778,10Stephen
11William,William,Lander,M,1980-08-01,William_Lander@gmail.com,80010650,4 JALAN BAHASA CAPITOL PARK SINGAPORE 299260,299260,11William
12Craig,Craig,Ramsey,M,2011-04-05,Craig_Ramsey@gmail.com,80011660,3 ANG MO KIO STREET 62 KNOWLEDGE EXPLORERS PTE. LTD. SINGAPORE 569139,569139,12Craig
13Michael,Michael,Sands,M,1942-01-03,Michael_Sands@gmail.com,80012385,77C LORONG MARICAN KEMBANGAN ESTATE SINGAPORE 417274,417274,13Michael
14Stuart,Stuart,Fosse,M,2007-12-06,Stuart_Fosse@gmail.com,80013449,23 STEVENS DRIVE PARC STEVENS SINGAPORE 257914,257914,14Stuart
15Christopher,Christopher,Broomfield,M,1979-09-22,Christopher_Broomfield@gmail.com,80014329,32 WHAMPOA EAST EIGHT RIVERSUITES SINGAPORE 338532,338532,15Christopher
16Alan,Alan,Devon,M,1983-02-23,Alan_Devon@gmail.com,80015489,667 CHOA CHU KANG CRESCENT HDB-CHOA CHU KANG SINGAPORE 680667,680667,16Alan
17Colin,Colin,Osman,M,1948-10-23,Colin_Osman@gmail.com,80016538,15 DEFU LANE 9 DEFU INDUSTRIAL ESTATE SINGAPORE 539256,539256,17Colin
18Brian,Brian,Mortimer,M,2015-04-04,Brian_Mortimer@gmail.com,80017390,99B SECTOR B SIN MING INDUSTRIAL ESTATE THOMSON TEMPLE SINGAPORE 575661,575661,18Brian
19Kevin,Kevin,Gall,M,1955-08-28,Kevin_Gall@gmail.com,80018559,50 SENNETT LANE EAST COAST HILL SINGAPORE 466944,466944,19Kevin
20Gary,Gary,Aylward,M,1976-06-06,Gary_Aylward@gmail.com,80019369,54 MEYER ROAD EQUATORIAL APARTMENTS SINGAPORE 437877,437877,20Gary
